Station,Field Asset Name,X,Y,Z,Customer Name,Site
ABCG00CAN,00871-01:1018828049,-1643170.72,-3665623.049,4938938.078,Swift,CONUS 1.0CanadaAlbertaCAN001594
ALBH00USA,00871-01:1018828051,299510.719,-5314248.206,3502730.358,Swift,CONUS 1.0SoutheastALUSA001595
ALGR00USA,00871-01:1018828054,319314.8417,-5414729.853,3344465.397,Swift,CONUS 1.0SoutheastALUSA001596
ARAK00USA,00871-01:1018828023,-281594.4276,-5278334.653,3557521.625,Swift,CONUS 1.0South CentralARUSA001597
ARCB00USA,00871-01:2193004,-186136.3823,-5228459.225,3636060.662,Swift,CONUS 1.0South CentralARUSA001598
ARFM00USA,00871-01:1871,-401261.9594,-5190336.172,3672940.845,Swift,CONUS 1.0South CentralARUSA001599
ARPH00USA,00871-01:2193008,-87202.1369,-5148246.151,3751620.964,Swift,CONUS 1.0South CentralARUSA001600
AZCH00USA,00871-01:2193066,-1981449.392,-4933155.37,3512975.004,Swift,CONUS 1.0WestAZUSA001930
AZDL00USA,00871-01:1018828019,-2143418.265,-4920018.648,3435353.529,Swift,CONUS 1.0WestAZUSA001602
AZFL00USA,00871-01:1018828012,-1925502.71,-4851308.267,3657112.524,Swift,CONUS 1.0WestAZUSA001603
AZGB00USA,00871-01:1018828024,-1892112.734,-4984231.541,3491322.5,Swift,CONUS 1.0WestAZUSA001604
AZHB00USA,00871-01:1018828037,-1805041.847,-4917048.81,3629857.695,Swift,CONUS 1.0WestAZUSA001605
AZPG00USA,00871-01:2193043,-1868016.163,-4752332.267,3811170.861,Swift,CONUS 1.0WestAZUSA001606
AZST00USA,00871-01:1018828013,-1946425.085,-5055231.85,3357707.354,Swift,CONUS 1.0WestAZUSA001608
AZWC00USA,00871-01:2018,-1832180.016,-5079917.418,3384815.012,Swift,CONUS 1.0WestAZUSA001609
CAAA00USA,00871-01:2004,-2756830.859,-4134931.019,3984476.341,Swift,CONUS 1.0WestCAUSA001900
CAAS00USA,00871-01:2002,-2432237.159,-4122102.367,4203677.367,Swift,CONUS 1.0WestCAUSA001610
CABE00USA,00871-01:1950,-2211080.555,-4835777.074,3510646.191,Swift,CONUS 1.0WestCAUSA001611
CABS00USA,00871-01:1981,-2414134.414,-4465963.825,3850164.025,Swift,CONUS 1.0WestCAUSA001612
CABW00USA,00871-01:1997,-2387558.306,-4663212.369,3626900.647,Swift,CONUS 1.0WestCAUSA001613
CACS00USA,00871-01:1983,-2533086.183,-4440145.641,3801701.379,Swift,CONUS 1.0WestCAUSA001615
CADA00USA,00871-01:2021,-2531459.107,-4521046.35,3706851.203,Swift,CONUS 1.0WestCAUSA001616
CADV00USA,00871-01:1018828041,-2716825.368,-4315243.789,3818360.29,Swift,CONUS 1.0WestCAUSA001617
CAEA00USA,00871-01:1980,-2716625.766,-4000483.432,4144957.81,Swift,CONUS 1.0WestCAUSA001618
CAEM00USA,00871-01:1898,-2694229.772,-4264073.478,3890655.042,Swift,CONUS 1.0WestCAUSA001941
CAFR00USA,00871-01:1994,-2514586.971,-4113352.849,4163380.289,Swift,CONUS 1.0WestCAUSA001619
CAGU00USA,00871-01:2046,-2661489.791,-4504950.114,3635026.227,Swift,CONUS 1.0WestCAUSA001622
CAHM00USA,00871-01:2011,-2718148.671,-4278369.449,3858431.99,Swift,CONUS 1.0WestCAUSA001623
CAIO00USA,00871-01:1984,-2345056.481,-4764658.256,3520710.9,Swift,CONUS 1.0WestCAUSA001625
CAMH00USA,00871-01:1018828046,-2671541.357,-4332372.053,3830959.9,Swift,CONUS 1.0WestCAUSA001628
CAMN00USA,00871-01:1991,-2684648.79,-4195413.695,3971091.805,Swift,CONUS 1.0WestCAUSA001629
CAND00USA,00871-01:2193018,-2181845.538,-4765021.222,3623239.576,Swift,CONUS 1.0WestCAUSA001630
CAOC00USA,00871-01:1018828044,-2353942.575,-4827440.642,3428914.167,Swift,CONUS 1.0WestCAUSA001631
CASA00USA,00871-01:2009,-2673493.359,-4281239.83,3886388.52,Swift,CONUS 1.0WestCAUSA001633
CASE00USA,00871-01:2003,-2480346.746,-4183656.945,4114353.999,Swift,CONUS 1.0WestCAUSA001634
CASJ00USA,00871-01:1018828043,-2683888.498,-4313792.448,3843077.388,Swift,CONUS 1.0WestCAUSA001635
CASO00USA,00871-01:1995,-2671563.417,-4388822.231,3766487.282,Swift,CONUS 1.0WestCAUSA001636
CAST00USA,00871-03:2193064,-2432571.775,-4781732.205,3437997.746,Swift,CONUS 1.0WestCAUSA002008
CAVA00USA,00871-01:1989,-2574754.502,-4607057.948,3569371.336,Swift,CONUS 1.0WestCAUSA001638
CAWD00USA,00871-01:2041,-2627881.254,-4236959.14,3964479.701,Swift,CONUS 1.0WestCAUSA001639
CAWI00USA,00871-01:2023,-2248584.104,-4876387.835,3430278.384,Swift,CONUS 1.0WestCAUSA001640
CAWS00USA,00871-01:1938,-2713195.151,-4122151.812,4027753.769,Swift,CONUS 1.0WestCAUSA001641
CAWY00USA,00871-01:1018828004,-2581456.851,-4369756.77,3849995.33,Swift,CONUS 1.0WestCAUSA001642
CAYA00USA,00871-01:2038,-2571148.52,-4014681.35,4223974.642,Swift,CONUS 1.0WestCAUSA001643
COCR00USA,00871-01:2193068,-1464409.051,-4631265.566,4122740.0,Swift,CONUS 1.0NorthwestCOUSA001644
COFO00USA,00871-01:1018828078,-1163189.267,-4734987.084,4100111.899,Swift,CONUS 1.0WestCOUSA001645
COFT00USA,00871-01:2193047,-1591485.779,-4691157.726,4006249.763,Swift,CONUS 1.0WestCOUSA001646
COLA00USA,00871-01:1018828029,-1098285.121,-4905833.501,3913811.594,Swift,CONUS 1.0WestCOUSA001647
COLM00USA,00871-01:1018828076,-1273380.12,-4714339.886,4091517.59,Swift,CONUS 1.0WestCOUSA001648
COPU00USA,00871-01:1018828072,-1266093.266,-4853392.402,3928936.988,Swift,COPU_COUSA001649
CORI00USA,00871-01:1018828077,-1532224.501,-4784393.319,3919980.759,Swift,CONUS 1.0WestCOUSA001650
FLBR00USA,00871-01:FIXTEST1,0.0,0.0,0.0,Swift,FLBR_SoutheastFL001886
FLBR00USA,00871-01:2193125,984231.119,-5632870.256,2815862.104,Swift,FLBR_SoutheastFL001886
FLCK00USA,00871-01:2193132,676238.5693,-5534323.228,3087089.109,Swift,CONUS 1.0SoutheastFLUSA001652
FLCO00USA,00871-01:1018828052,900406.593,-5544481.821,3011191.684,Swift,CONUS 1.0SoutheastFLUSA001653
FLHO00USA,00871-01:1018828055,953278.7763,-5682556.281,2725827.632,Swift,CONUS 1.0SoutheastFLUSA001654
FLLL00USA,00871-01:1018828057,788340.01,-5578879.361,2979258.959,Swift,CONUS 1.0SoutheastFLUSA001655
FLNA00USA,00871-01:1018828056,820585.1674,-5670451.57,2792951.738,Swift,CONUS 1.0SoutheastFLUSA001656
FLNV00USA,00871-01:1018828060,305123.7947,-5496862.987,3209736.905,Swift,CONUS 1.0SoutheastFLUSA001657
FLOP00USA,00871-01:2193057,742381.55,-5628715.799,2896618.437,Swift,CONUS 1.0SoutheastFLUSA001658
FLPJ00USA,00871-01:2193138,453521.3181,-5519969.064,3152408.014,Swift,FLPJ_FLUSA001884
FLPL00USA,00871-01:1934,810336.2416,-5452361.875,3197914.732,Swift,CONUS 1.0SoutheastFLUSA001659
FLSS00USA,00871-01:1929,783345.4181,-5535116.66,3060454.071,Swift,CONUS 1.0SoutheastFLUSA001660
FLV100USA,00871-01:1018828073,779940.8135,-5533119.412,3064895.962,Swift,CONUS 1.0SoutheastFLUSA001661
GACA00USA,00871-01:2062,552970.5066,-5451148.217,3254101.23,Swift,CONUS 1.0SoutheastGAUSA001663
GACB00USA,00871-01:2074,470302.7289,-5365979.212,3404160.545,Swift,CONUS 1.0SoutheastGAUSA001932
GADE00USA,00871-01:1018828053,529813.7499,-5280348.772,3526717.671,Swift,CONUS 1.0SoutheastGAUSA001664
GAMR00USA,00871-01:2193051,668666.5543,-5368639.98,3366827.662,Swift,CONUS 1.0SoutheastGAUSA001665
GASV00USA,00871-01:2193131,838103.1029,-5344799.11,3366718.643,Swift,CONUS 1.0SoutheastGAUSA001891
IABE00USA,00871-01:2193014,-398638.3237,-4828583.598,4134665.541,Swift,CONUS 1.0MidwestIAUSA001666
IACE00USA,00871-01:2193080,-200826.7925,-4702841.367,4289828.698,Swift,CONUS 1.0MidwestIAUSA001667
IAFD00USA,00871-01:2193081,-344271.583,-4697031.826,4287193.8,Swift,IntegrityMidwestIAUSA001669
IAFM00USA,00871-01:2053,-111301.9568,-4846281.576,4131404.168,Swift,CONUS 1.0MidwestIAUSA001670
IAGM00USA,00871-01:2001,-63338.181,-4709984.483,4286260.09,Swift,CONUS 1.0MidwestIAUSA001671
IDBU00USA,00871-01:1018828040,-1969670.447,-4270740.141,4295587.146,Swift,CONUS 1.0NorthwestIDUSA001673
IDCL00USA,00871-01:2193076,-1869770.798,-4155869.156,4449708.434,Swift,CONUS 1.0NorthwestIDUSA001674
IDNP00USA,00871-01:1992,-2069623.092,-4139813.067,4374910.03,Swift,CONUS 1.0NorthwestIDUSA001675
IDPO00USA,00871-01:1018828038,-1788108.951,-4328410.494,4317391.079,Swift,CONUS 1.0NorthwestIDUSA001676
IDRY00USA,00871-01:1018828002,-1724937.54,-4287799.759,4382855.295,Swift,CONUS 1.0NorthwestIDUSA001677
ILAS00USA,00871-01:2037,172428.285,-4826391.882,4152459.935,Swift,CONUS 1.0MidwestILUSA001678
ILCY00USA,00871-01:1952,149320.5962,-4757566.073,4231506.407,Swift,CONUS 1.0MidwestILUSA001679
ILRO00USA,00871-01:2027,195841.4922,-4959138.878,3992940.467,Swift,CONUS 1.0MidwestILUSA001680
ILSL01USA,00871-01:1999,25572.8568,-4763267.413,4227651.112,Swift,IntegrityMidwestILUSA001681
ILTV00USA,00871-01:2193077,60518.7435,-4924563.442,4039532.503,Swift,IntegrityMidwestILUSA001682
INFW00USA,00871-01:2193028,408228.7467,-4797801.387,4169055.047,Swift,IntegrityMidwestINUSA001683
INSG00USA,00871-01:1914,369536.3706,-4992905.701,3938540.199,Swift,CONUS 1.0MidwestINUSA001684
INVO00USA,00871-01:2025,245232.9418,-4780305.922,4201535.595,Swift,CONUS 1.0MidwestINUSA001685
KSAB00USA,00871-01:1018828075,-669543.8393,-5014171.869,3872286.437,Swift,CONUS 1.0MidwestKSUSA001686
KSDN00USA,00871-01:2193017,-908125.7633,-4916822.113,3947947.107,Swift,CONUS 1.0South CentralKSUSA001687
KSGL00USA,00871-01:1967,-1002751.831,-4836919.202,4022988.356,Swift,CONUS 1.0South CentralKSUSA001688
KSHU00USA,00871-01:1018858074,-693978.3626,-4980596.039,3910922.62,Swift,CONUS 1.0South CentralKSUSA001689
KSKA00USA,00871-01:1993,-421631.6852,-4937341.081,4002609.907,Swift,CONUS 1.0South CentralKSUSA001690
KYME00USA,00871-01:1988,539262.1317,-4959918.764,3960611.825,Swift,CONUS 1.0SoutheastKYUSA001691
KYPD00USA,00871-01:2049,125193.0917,-5093157.414,3824543.77,Swift,CONUS 1.0SoutheastKYUSA001692
LADE00USA,00871-01:2081,-91557.6285,-5495720.969,3224774.473,Swift,CONUS 1.0South CentralLAUSA001693
LAOD00USA,00871-01:2193005,-254634.09,-5476618.036,3248317.926,Swift,CONUS 1.0South CentralLAUSA001694
LARS00USA,00871-01:2193050,-36926.0661,-5551700.088,3129166.006,Swift,CONUS 1.0South CentralLA 70373USA001695
LASP00USA,00871-01:2193054,-351374.7267,-5373392.435,3406801.613,Swift,CONUS 1.0South CentralLA 71109USA001696
MAEA00USA,00871-01:2193038,1588494.33,-4506841.228,4210225.414,Swift,CONUS 1.0NortheastMAUSA001698
MASG00USA,00871-01:2193139,1532149.079,-4453886.749,4286277.867,Swift,MASG_USA002049
MDBA00USA,00871-01:2193040,1137922.097,-4805972.302,4022537.287,Swift,CONUS 1.0NortheastMDUSA001699
MEEW00USA,00871-01:2193136,1674469.036,-4234397.676,4451184.392,Swift,MEEW_USA001923
MEMW00USA,00871-01:2193059,1598127.699,-4023193.195,4668594.519,Swift,CONUS 1.0NortheastMEUSA001700
MEPL00USA,00871-01:2051,1541854.876,-4272688.428,4462600.79,Swift,CONUS 1.0NortheastMEUSA001701
MIAL00USA,00871-01:2193029,516196.6863,-4483310.493,4492212.801,Swift,CONUS 1.0MidwestMI 49707USA001702
MICY00USA,00871-01:1899,518861.722,-4696295.466,4270411.662,Swift,CONUS 1.0MidwestMIUSA001703
MIDB00USA,00871-01:2193053,560350.2004,-4690002.777,4271953.02,Swift,IntegrityMidwestMIUSA001704
MIGB00USA,00871-03:2016040285,519243.7889,-4648884.512,4321571.632,Swift,CONUS 1.0MidwestMIUSA001706
MIGR00USA,00871-01:1931,418682.6304,-4524991.4,4460909.017,Swift,CONUS 1.0MidwestMIUSA001707
MIMI00USA,00871-03:2016040248,521650.642,-4712062.452,4252712.194,Swift,CONUS 1.0MidwestMIUSA001708
MIMK00USA,00871-01:2193023,304060.5084,-4644389.0,4346554.239,Swift,IntegrityMidwestMIUSA001709
MINB00USA,00871-01:1930,345218.4495,-4396485.951,4592703.208,Swift,CONUS 1.0MidwestMIUSA001710
MIUP00USA,00871-01:1958,107764.411,-4346138.126,4651527.355,Swift,CONUS 1.0MidwestMIUSA001712
MIWL00USA,00871-01:1916,532194.684,-4668408.216,4299090.861,Swift,CONUS 1.0MidwestMIUSA001713
MNAE00USA,00871-01:2040,-383271.3768,-4347420.054,4636184.341,Swift,CONUS 1.0MidwestMNUSA001714
MNAS00USA,00871-01:1959,-266987.7785,-4330531.286,4659854.637,Swift,CONUS 1.0MidwestMNUSA001715
MNGM01USA,00871-03:2193049,-25070.6249,-4296441.296,4698283.676,Swift,CONUS 1.0MidwestMNUSA001716
MNMH00USA,00871-01:1966,-513875.0115,-4337765.641,4632388.191,Swift,CONUS 1.0MidwestMNUSA001717
MNSC00USA,00871-01:1954,-385061.4087,-4442865.616,4545187.804,Swift,CONUS 1.0MidwestMNUSA001718
MNSP00USA,00871-01:1982,-278913.5273,-4524966.162,4471627.369,Swift,CONUS 1.0MidwestMNUSA001719
MNWN00USA,00871-01:2071,-451090.7468,-4602969.675,4377971.604,Swift,CONUS 1.0MidwestMNUSA001720
MNWR00USA,00871-01:2193027,-389139.0824,-4182542.654,4783852.355,Swift,CONUS 1.0MidwestMNUSA001721
MOCF00USA,00871-03:2015110006,-56069.1247,-4986443.831,3963387.607,Swift,CONUS 1.0MidwestMOUSA001722
MOJP00USA,00871-01:1964,-400989.2568,-5079767.028,3823751.848,Swift,CONUS 1.0South CentralMOUSA001723
MOMC00USA,00871-01:2193079,-211900.4582,-4906990.36,4055786.615,Swift,IntegritySouth CentralMOUSA001724
MOWB00USA,00871-01:1018828011,-324889.1701,-4969305.71,3972122.076,Swift,CONUS 1.0South CentralMOUSA001725
MSLL00USA,00871-01:1874,-83483.804,-5329225.69,3491579.268,Swift,CONUS 1.0SoutheastMSUSA001726
MSMD00USA,00871-01:2055,122389.9707,-5391381.223,3394439.261,Swift,CONUS 1.0SouthEastMSUSA001727
MSPG00USA,00871-01:1018828066,-93151.8964,-5415574.636,3356748.399,Swift,CONUS 1.0SoutheastMSUSA001728
MSPY00USA,00871-01:1018828070,30729.261,-5498814.204,3220683.612,Swift,CONUS 1.0SoutheastMSUSA001729
MTB100USA,00871-01:2065,-1467704.181,-3962476.017,4762708.638,Swift,CONUS 1.0NorthwestMTUSA001730
MTCO00USA,00871-01:2069,-1491257.667,-4221450.794,4529191.007,Swift,CONUS 1.0NorthwestMTUSA001731
MTDD00USA,00871-01:2058,-1346197.589,-4022523.456,4748117.673,Swift,CONUS 1.0NorthwestMTUSA001732
MTFH00USA,00871-01:1956,-1268001.622,-4231698.839,4586237.595,Swift,CONUS 1.0MidwestMTUSA001733
MTGC02USA,00871-02:3198209,-1219725.03,-4081753.645,4731745.678,Swift,CONUS 1.0NorthwestMTUSA001734
MTGE00USA,00871-01:1018828007,-1104871.736,-4207062.316,4650031.347,Swift,CONUS 1.0NorthwestMTUSA001735
MTGR00USA,00871-01:1018828010,-1404199.296,-4123690.353,4644583.797,Swift,CONUS 1.0NorthwestMTUSA001736
MTHN00USA,00871-01:2006,-1808566.854,-4032282.345,4585036.923,Swift,CONUS 1.0NorthwestMTUSA001737
MTHT00USA,00871-01:2078,-1646976.225,-3914853.043,4744156.034,Swift,CONUS 1.0NorthwestMTUSA001738
MTPL00USA,00871-01:1018828008,-1761604.795,-3925544.267,4693685.649,Swift,CONUS 1.0NorthwestMTUSA001739
MTPO00USA,00871-01:2059,-1111985.29,-4093024.415,4748438.739,Swift,CONUS 1.0NorthwestMTUSA001740
MTTF00USA,00871-04:633500016180216,-1617695.373,-4128573.31,4571072.515,Swift,CONUS 1.0NorthwestMTUSA001741
NBSS00CAN,00871-01:2193060,1739048.453,-4153040.146,4502428.226,Swift,CONUS 1.0CanadaNBCAN001742
NCMR00USA,00871-01:2077,721179.5978,-5136594.05,3699855.419,Swift,CONUS 1.0SoutheastNCUSA001743
NCMV00USA,00871-01:2075,875316.7176,-5157656.849,3636711.058,Swift,CONUS 1.0SoutheastNCUSA001744
NCNB00USA,00871-01:2083,1171411.525,-5090304.876,3647920.988,Swift,CONUS 1.0SoutheastNCUSA001745
NCTC00USA,00871-01:2193034,1019363.104,-5184844.954,3559999.38,Swift,CONUS 1.0SoutheastNCUSA001746
NCZB00USA,00871-01:2193035,1048767.46,-5070323.953,3712224.536,Swift,CONUS 1.0SoutheastNCUSA001747
NDDL00USA,00871-01:2068,-657165.0473,-4216668.229,4724766.866,Swift,CONUS 1.0NorthWestUSA001748
NDJT00USA,00871-01:2066,-662201.948,-4316198.673,4633938.867,Swift,CONUS 1.0NorthwestNDUSA001749
NDLB00USA,00871-01:2008,-833494.772,-4172325.036,4736341.286,Swift,CONUS 1.0NorthwestNDUSA001750
NDLS00USA,00871-01:1949,-525358.038,-4251652.837,4709730.983,Swift,CONUS 1.0NorthwestNDUSA001751
NDMN00USA,00871-01:2005,-826302.88,-4293353.374,4628914.264,Swift,CONUS 1.0NorthwestNDUSA001752
NDNN00USA,00871-01:2193021,-945911.8651,-4094157.327,4782995.781,Swift,CONUS 1.0NorthwestNDUSA001753
NEAL00USA,00871-01:2193044,-1055965.496,-4621235.132,4254770.678,Swift,CONUS 1.0NorthwestNEUSA001883
NEBT00USA,00871-01:1018828071,-572921.0509,-4840190.187,4100768.461,Swift,CONUS 1.0NorthwestNEUSA001754
NEGI00USA,00871-01:2193082,-700222.556,-4775503.868,4156388.805,Swift,CONUS 1.0NorthwestNEUSA001755
NENF00USA,00871-01:1018828079,-611944.0206,-4705251.116,4248627.859,Swift,CONUS 1.0NorthwestNEUSA001756
NENP00USA,00871-01:2193013,-898387.4725,-4726640.01,4174420.973,Swift,CONUS 1.0NorthwestNEUSA001757
NESN00USA,00871-01:1018828080,-1080352.467,-4688128.714,4175309.757,Swift,CONUS 1.0NorthwestNEUSA001758
NEVT00USA,00871-01:2193078,-857294.1315,-4602704.094,4317983.769,Swift,CONUS 1.0NorthwestNEUSA001926
NHHT00USA,00871-01:1933,1489893.307,-4426743.569,4328913.824,Swift,CONUS 1.0NorthEastNHUSA001759
NMAO00USA,00871-01:2103084,-1474222.714,-5154986.976,3445305.99,Swift,CONUS 1.0WestNMUSA001760
NMCB00USA,00871-01:1018828039,-1324827.929,-5224747.989,3400212.848,Swift,CONUS 1.0WestNMUSA001761
NMDE00USA,00871-01:1018828031,-1646744.986,-5142082.112,3386337.24,Swift,CONUS 1.0WestNMUSA001762
NMES00USA,00871-01:1018828022,-1451260.161,-5042615.258,3616901.93,Swift,CONUS 1.0WestNMUSA001763
NMGP00USA,00871-01:1018828034,-1670267.017,-4922568.669,3686833.335,Swift,CONUS 1.0WestNMUSA001764
NMRN00USA,00871-01:1018828035,-1273771.629,-4946852.819,3809823.379,Swift,CONUS 1.0WestNMUSA001765
NMRR00USA,00871-01:1018828033,-1486732.974,-4994052.114,3668655.892,Swift,CONUS 1.0WestNMUSA001766
NMTC00USA,00871-01:1955,-1586326.584,-5107082.52,3466583.527,Swift,CONUS 1.0WestNMUSA001767
NMTM00USA,00871-01:2193041,-1238581.45,-5070925.295,3654852.721,Swift,CONUS 1.0WestNMUSA001768
NVCA00USA,00871-01:2193011,-2099065.394,-4603782.507,3872416.001,Swift,CONUS 1.0WestNVUSA001769
NVEL00USA,00871-01:2028,-2079509.195,-4488382.599,4015806.834,Swift,CONUS 1.0WestNVUSA001770
NVLV00USA,00871-01:2024,-2186170.88,-4665673.124,3747673.98,Swift,CONUS 1.0WestNVUSA001771
NVMQ00USA,00871-01:1018828015,-2085099.929,-4668921.605,3800367.132,Swift,CONUS 1.0WestNVUSA001772
NVPP00USA,00871-01:1998,-2258319.537,-4632000.921,3747085.373,Swift,CONUS 1.0WestNVUSA001773
NVRO00USA,00871-01:1986,-2447982.68,-4277198.97,4037422.347,Swift,CONUS 1.0WestNVUSA001774
NVRP00USA,00871-01:2193019,-2302984.84,-4280002.912,4118327.458,Swift,CONUS 1.0WestNVUSA001775
NVTN00USA,00871-01:2033,-2301289.222,-4471702.054,3912624.624,Swift,CONUS 1.0WestNVUSA001776
NVVL00USA,00871-01:1018828014,-2205430.185,-4304606.226,4145915.537,Swift,CONUS 1.0WestNVUSA001777
NVWW00USA,00871-01:2036,-1974719.542,-4419418.043,4141453.229,Swift,CONUS 1.0WestNVUSA001778
NYAN00USA,00871-01:1936,931072.5264,-4576807.931,4329278.26,Swift,CONUS 1.0NorthEastNYUSA001779
NYCT00USA,00871-01:2193036,1164348.159,-4397786.42,4455530.386,Swift,CONUS 1.0NortheastNYUSA001780
NYLH00USA,00871-01:1018828042,1383402.101,-4639371.111,4138545.49,Swift,NYLH_USA002058
NYNB00USA,00871-01:2193133,1317032.912,-4599111.54,4204231.293,Swift,NYNB_NYUSA001881
NYSC00USA,00871-01:2026,1115006.963,-4532943.716,4331811.74,Swift,CONUS 1.0NortheastNYUSA001781
NYSJ00USA,00871-01:2052,1234354.758,-4506067.49,4327494.175,Swift,CONUS 1.0NorthEastNYUSA001782
OHCL00USA,00871-01:2193137,608087.8717,-4858201.346,4074254.886,Swift,OHCL_Midwest001927
OHLG00USA,00871-01:2193009,658430.9078,-4758779.01,4181644.233,Swift,CONUS 1.0MidwestOHUSA001785
OHOT00USA,00871-01:1985,499745.8428,-4793368.56,4164151.914,Swift,CONUS 1.0MidwestOHUSA001786
OKAL00USA,00871-01:2022,-852035.2469,-5183990.992,3605350.634,Swift,CONUS 1.0South CentralOKUSA001787
OKAR00USA,00871-01:1990,-657590.4021,-5239864.488,3565046.534,Swift,CONUS 1.0South CentralOKUSA001788
OKGU00USA,00871-01:1018828021,-1019479.012,-5019420.673,3789702.118,Swift,CONUS 1.0South CentralOKUSA001789
OKMC00USA,00871-01:2050,-525845.4399,-5208484.661,3631732.01,Swift,CONUS 1.0South CentralOKUSA001790
OKOK00USA,00871-01:2048,-681671.5778,-5146905.587,3692907.582,Swift,CONUS 1.0South CentralOKUSA001791
OKTA00USA,00871-01:1018828064,-535208.4747,-5127847.416,3742671.46,Swift,CONUS 1.0South CentralOKUSA001792
ONOT00CAN,00871-01:2193056,1105771.647,-4346875.972,4519442.716,Swift,CONUS 1.0CanadaONCAN001793
ONTT00CAN,00871-01:2034,853658.2011,-4528057.336,4395496.982,Swift,CONUS 1.0CanadaON001794
ORAS00USA,00871-01:2193012,-2464667.775,-3673186.513,4579551.878,Swift,CONUS 1.0NorthwestORUSA001795
ORBA00USA,00871-01:1018828020,-2635369.827,-3846771.072,4337151.482,Swift,CONUS 1.0WestORUSA001931
ORBC00USA,00871-01:2193067,-2117575.842,-4011211.363,4470494.983,Swift,ORBC_USA002062
ORBD00USA,00871-01:1018828001,-2386340.421,-3922832.331,4413629.079,Swift,CONUS 1.0NorthwestORUSA001796
ORBR00USA,00871-01:2030,-2247565.377,-4045564.751,4376015.094,Swift,CONUS 1.0NorthwestORUSA001797
OREU00USA,00871-01:1018828016,-2509724.429,-3845330.649,4411975.754,Swift,CONUS 1.0WestORUSA001798
ORMF00USA,00871-01:2031,-2563227.184,-3966040.2,4273517.582,Swift,CONUS 1.0WestORUSA001799
ORRB00USA,00871-01:1018828047,-2559480.19,-3889781.892,4344408.642,Swift,CONUS 1.0WestORUSA001801
ORSL00USA,00871-01:1018828005,-2465510.008,-3791060.751,4482722.566,Swift,CONUS 1.0NorthwestORUSA001802
PAAL00USA,00871-01:2193037,1208060.81,-4695735.555,4130088.43,Swift,CONUS 1.0NortheastPAUSA001803
PACG00USA,00871-01:1860,830573.259,-4803148.543,4100084.031,Swift,CONUS 1.0PAUSA001804
PAER00USA,00871-01:2193001,815755.7943,-4666918.614,4256222.462,Swift,CONUS 1.0NortheastPA 16508USA001806
PAMF00USA,00871-01:2193006,1064742.342,-4641011.645,4229843.287,Swift,CONUS 1.0NortheastPA 16933USA001807
PAMN00USA,00871-01:1861,824642.6054,-4785230.143,4122118.922,Swift,CONUS 1.0NortheastPAUSA001808
PANC00USA,00871-01:2193130,1108286.838,-4748824.193,4097409.2,Swift,CONUS 1.0NortheastPAUSA001924
PATM00USA,00871-01:1963,862375.182,-4772335.412,4129128.11,Swift,CONUS 1.0NorthEastPAUSA001809
SCMP00USA,00871-01:2193055,944271.7857,-5282147.548,3436284.35,Swift,CONUS 1.0SoutheastSCUSA001810
SCOB00USA,00871-01:2193033,845470.3273,-5257066.425,3499588.655,Swift,CONUS 1.0SoutheastSCUSA001811
SDML00USA,00871-01:2000,-644761.4072,-4572593.422,4385390.882,Swift,CONUS 1.0MidwestSDUSA001812
SDPB00USA,00871-01:2056,-810595.1359,-4401717.931,4529512.903,Swift,CONUS 1.0NorthwestSDUSA001813
SDPR00USA,00871-01:2054,-803895.2434,-4532015.848,4401288.965,Swift,CONUS 1.0MidwestSDUSA001814
SDRC00USA,00871-01:1018828006,-1050624.037,-4468021.506,4415284.983,Swift,CONUS 1.0NorthwestSDUSA001815
SDRS00USA,00871-01:2007,-998748.116,-4441634.287,4453373.239,Swift,CONUS 1.0NorthwestSDUSA001816
SDWT00USA,00871-01:1965,-560245.0814,-4490991.381,4479853.548,Swift,CONUS 1.0NorthwestSDUSA001817
TNAC00USA,00871-01:2072,543776.4473,-5150917.733,3709901.143,Swift,CONUS 1.0SouthEastTNUSA001818
TNAM00USA,00871-01:2193039,79816.1212,-5179465.419,3708889.118,Swift,CONUS 1.0SoutheastTNUSA001819
TNBR00USA,00871-01:1018828058,288529.3093,-5160564.91,3724931.337,Swift,CONUS 1.0SoutheastTNUSA001820
TNME00USA,00871-01:2079,14605.2043,-5227168.814,3642603.949,Swift,CONUS 1.0SoutheastTNUSA001821
TXAM00USA,00871-01:1018828063,-1072890.84,-5106380.048,3657627.327,Swift,CONUS 1.0South CentralTXUSA001822
TXAT00USA,00871-01:1018828028,-551055.8816,-5373879.563,3379810.337,Swift,CONUS 1.0South CentralTXUSA001823
TXCC00USA,00871-01:1018828026,-728480.7009,-5599075.597,2956556.492,Swift,CONUS 1.0South CentralTXUSA001824
TXDL00USA,00871-01:2193045,-1051510.111,-5462363.434,3110660.895,Swift,CONUS 1.0South CentralTX 78840USA001825
TXEP00USA,00871-01:1018828069,-1526213.129,-5215575.545,3329917.444,Swift,CONUS 1.0South CentralTXUSA001826
TXFL00USA,00871-01:1018828061,-791327.8402,-5519282.349,3086927.565,Swift,CONUS 1.0South CentralTXUSA001827
TXFR00USA,00871-01:2039,-641235.4921,-5307022.223,3467842.585,Swift,CONUS 1.0South CentralTXUSA001828
TXGV00USA,00871-01:2193016,-464958.9884,-5547253.16,3102799.961,Swift,CONUS 1.0South CentralTXUSA001922
TXKL00USA,00871-01:1018828065,-736018.7239,-5415528.985,3277426.821,Swift,CONUS 1.0South CentralTXUSA001829
TXLB00USA,00871-01:2193007,-1094110.813,-5204643.774,3510615.71,Swift,CONUS 1.0South CentralTXUSA001830
TXLD00USA,00871-01:1018828030,-931512.8551,-5581312.268,2933521.304,Swift,CONUS 1.0South CentralTXUSA001831
TXMF00USA,00871-01:2193010,-1334558.284,-5348226.051,3200802.275,Swift,CONUS 1.0South CentralTXUSA001832
TXNC00USA,00871-01:1018828048,-441161.1836,-5419391.393,3323061.631,Swift,CONUS 1.0South CentralTXUSA001887
TXOD00USA,00871-01:2029,-1161807.476,-5297908.449,3346436.804,Swift,CONUS 1.0South CentralTXUSA001833
TXPA00USA,00871-01:2080,-379350.4341,-5521916.737,3158765.677,Swift,CONUS 1.0South CentralTXUSA001834
TXPO00USA,00871-01:2193086,-626255.4855,-5577216.067,3020158.011,Swift,CONUS 1.0South CentralTXUSA001921
TXSB00USA,00871-01:1957,-760806.5242,-5679141.251,2792233.521,Swift,CONUS 1.0South CentralTXUSA001835
TXSL00USA,00871-01:1018828068,-594261.342,-5508415.265,3149364.105,Swift,CONUS 1.0South CentralTXUSA001836
TXSR00USA,00871-01:1018828067,-1015420.235,-5402192.302,3225512.237,Swift,CONUS 1.0South CentralTXUSA001838
TXSW00USA,00871-01:1018828027,-973255.8407,-5298130.133,3404899.616,Swift,CONUS 1.0South CentralTXUSA001839
UTGU00USA,00871-01:1018828036,-1841157.899,-4598901.635,4006561.071,Swift,CONUS 1.0WestUTUSA001840
UTML00USA,00871-01:2193020,-1670346.263,-4758225.78,3895506.115,Swift,CONUS 1.0WestUTUSA001842
VAAB00USA,00871-01:2070,714217.3568,-5069806.623,3791894.906,Swift,CONUS 1.0NorthEastVAUSA001843
VABF00USA,00871-01:2193058,771474.894,-5024735.538,3840199.411,Swift,CONUS 1.0NortheastVAUSA001844
VACP00USA,00871-01:2193031,1200710.859,-4965951.308,3805314.169,Swift,CONUS 1.0NorthEastVAUSA001845
VARM00USA,00871-01:2067,1097564.317,-4942455.956,3866247.514,Swift,CONUS 1.0SoutheastVAUSA001846
VAST00USA,00871-01:1018828059,957087.2265,-4939218.754,3907805.197,Swift,CONUS 1.0NortheastVAUSA001847
VAVN00USA,00871-01:2064,891463.984,-5002613.882,3842345.273,Swift,CONUS 1.0NortheastVAUSA001848
VTRU00USA,00871-01:2193032,1354191.672,-4423269.902,4376579.4,Swift,CONUS 1.0NortheastVTUSA001850
WACS00USA,00871-01:UNKNOWNANTENNASERIAL0001,-2395008.074,-3773573.146,4535115.374,Swift,CONUS 1.0NorthwestWAUSA001882
WALD00USA,00871-04:VP6445C1808080027,-2262069.522,-3554227.693,4772600.61,Swift,CONUS 1.0NorthwestWAUSA001851
WAMW00USA,00871-01:2043,-1971948.066,-3823366.001,4693925.352,Swift,CONUS 1.0NorthwestWAUSA001852
WARP00USA,00871-01:1018828045,-2030153.025,-3702339.107,4765358.983,Swift,CONUS 1.0NorthwestWAUSA001853
WASE00USA,00871-01:2044,-2324907.384,-3630826.735,4684518.811,Swift,CONUS 1.0NorthwestWAUSA001854
WAWA00USA,00871-01:2012,-2104764.788,-3901786.667,4570486.65,Swift,CONUS 1.0NorthwestWAUSA001855
WAYA00USA,00871-01:2032,-2228855.474,-3782367.415,4611638.936,Swift,CONUS 1.0NorthwestWAUSA001856
WIEC00USA,00871-01:1979,-118685.2386,-4530743.8,4472903.644,Swift,CONUS 1.0MidwestWIUSA001857
WIER00USA,00871-01:1937,58165.0465,-4445020.237,4559064.698,Swift,CONUS 1.0MidwestWIUSA001858
WIHW00USA,00871-01:1915,-114918.8494,-4435899.855,4566627.737,Swift,CONUS 1.0MidwestWIUSA001859
WIJO00USA,00871-01:1953,172998.3429,-4565472.963,4435947.33,Swift,CONUS 1.0MidwestWIUSA001860
WIMR03USA,00871-02:3198300,24565.0041,-4503646.89,4501692.574,Swift,Dual AntennaMidwestWIUSA001862
WIPE00USA,00871-01:1961,64102.3231,-4657995.691,4342329.765,Swift,CONUS 1.0MidwestWIUSA001863
WISS00USA,00871-01:1951,163433.4609,-4663540.606,4333745.189,Swift,CONUS 1.0MidwestWIUSA001864
WVSA00USA,00871-01:2035,710711.001,-4955365.563,3939210.073,Swift,CONUS 1.0NorthEastWVUSA001865
WYCR00USA,00871-01:2060,-1317495.305,-4495925.195,4315764.171,Swift,CONUS 1.0NorthwestWYUSA001866
WYEV00USA,00871-01:2193046,-1718355.457,-4484668.59,4186144.421,Swift,CONUS 1.0NorthwestWY 82930USA001867
WYGE00USA,00871-01:2061,-1218281.388,-4409907.836,4431056.658,Swift,CONUS 1.0NorthwestWYUSA001868
WYRN00USA,00871-01:2193071,-1473228.464,-4432747.897,4330566.902,Swift,WYRN_USA002050
WYRS00USA,00871-01:2057,-1571683.526,-4512405.373,4213467.881,Swift,CONUS 1.0NorthwestWYUSA001869
WYWL00USA,00871-01:2193048,-1416898.624,-4371226.864,4410218.559,Swift,CONUS 1.0NorthwestWY 82401USA001870
